Player, Pos, Team, Salary, GP, FPPG, FPMAX, Floor, Ceil, %2x, %3x, %4x, %5x, %6x
Ty Lawson, PG, IND, 3700.00, 10, 16.59, 28.7, 11.83, 21.35, 100.0, 90.0, 60.0, 20.0, 10.0 
Alonzo Gee, SF, NOP, 3700.00, 3, 21.53, 29.6, 15.12, 27.95, 100.0, 100.0, 66.67, 66.67, 33.33 
J.R. Smith, SG, CLE, 4800.00, 10, 20.14, 38.5, 9.33, 30.95, 90.0, 70.0, 30.0, 30.0, 20.0 
Jeremy Lin, SG, CHA, 5000.00, 9, 22.63, 51.9, 9.28, 35.99, 88.89, 55.56, 44.44, 44.44, 22.22 
Brandon Jennings, PG, ORL, 3900.00, 7, 15.87, 24.4, 10.97, 20.77, 100.0, 85.71, 57.14, 28.57, 14.29 
Danny Green, SG, SAS, 3700.00, 8, 16.21, 28.5, 8.09, 24.34, 87.5, 62.5, 50.0, 37.5, 37.5 
Avery Bradley, SG, BOS, 5700.00, 8, 25.81, 30.8, 21.08, 30.54, 100.0, 100.0, 50.0, 50.0, 0.0 
Lance Stephenson, SG, MEM, 5500.00, 8, 19.15, 28.7, 13.33, 24.97, 87.5, 75.0, 25.0, 12.5, 0.0 
Mo Williams, PG, CLE, 3500.00, 6, 7.45, 15.4, 3.15, 11.75, 33.33, 33.33, 16.67, 0.0, 0.0 
Manu Ginobili, SG, SAS, 3800.00, 6, 19.27, 27.2, 13.18, 25.36, 83.33, 83.33, 83.33, 66.67, 16.67 
Dwyane Wade, SG, MIA, 7100.00, 8, 31.29, 49.9, 21.28, 41.3, 100.0, 100.0, 50.0, 25.0, 25.0 
Ramon Sessions, PG, WAS, 6400.00, 10, 21.15, 41.6, 6.83, 35.47, 60.0, 50.0, 40.0, 30.0, 30.0 
Tony Parker, PG, SAS, 4600.00, 7, 18.16, 30.7, 11.21, 25.1, 100.0, 57.14, 42.86, 28.57, 14.29 
George Hill, PG, IND, 4700.00, 11, 19.76, 32, 12.83, 26.7, 100.0, 81.82, 54.55, 27.27, 18.18 
Ricky Rubio, PG, MIN, 6300.00, 10, 26.47, 44, 16.19, 36.75, 100.0, 70.0, 50.0, 30.0, 20.0 
Jeff Teague, PG, ATL, 7000.00, 9, 34.2, 52.3, 24.25, 44.15, 100.0, 100.0, 66.67, 33.33, 22.22 
Greivis Vasquez, PG, MIL, 3500.00, 6, 7.13, 14.1, 3.22, 11.05, 50.0, 16.67, 16.67, 0.0, 0.0 
Wayne Ellington, SG, BKN, 3500.00, 8, 14.96, 23.7, 9.41, 20.51, 87.5, 75.0, 75.0, 37.5, 12.5 
C.J. Watson, PG, ORL, 3500.00, 8, 11.73, 17.1, 6.12, 17.34, 62.5, 62.5, 37.5, 0.0, 0.0 
Gerald Henderson, SG, POR, 3500.00, 10, 15.89, 28.5, 9.18, 22.6, 90.0, 90.0, 70.0, 30.0, 20.0 
Marcus Thornton, SG, WAS, 4000.00, 6, 15.97, 33.6, 5.01, 26.92, 83.33, 33.33, 33.33, 33.33, 33.33 
Jerryd Bayless, PG, MIL, 3900.00, 3, 12.73, 28.3, 1.71, 23.76, 33.33, 33.33, 33.33, 33.33, 33.33 
Courtney Lee, SG, CHA, 4000.00, 10, 18.94, 29.7, 12.82, 25.06, 100.0, 80.0, 70.0, 40.0, 30.0 
Steve Blake, PG, DET, 3500.00, 9, 13.51, 20.7, 10.09, 16.93, 100.0, 77.78, 33.33, 11.11, 0.0 
J.J. Redick, SG, LAC, 4500.00, 10, 18.54, 27.1, 14.15, 22.93, 100.0, 90.0, 40.0, 20.0, 10.0 
Marco Belinelli, SG, SAC, 3500.00, 1, 3, 3, 3, 3, 0.0, 0.0, 0.0, 0.0, 0.0 
Leandro Barbosa, SG, GSW, 3500.00, 10, 9.87, 18.3, 4.42, 15.32, 70.0, 60.0, 20.0, 10.0, 0.0 
James Harden, SG, HOU, 11100.00, 9, 50.33, 68.3, 39.76, 60.9, 100.0, 100.0, 44.44, 33.33, 11.11 
Toney Douglas, PG, NOP, 5900.00, 11, 25.89, 36.6, 18.11, 33.67, 100.0, 72.73, 54.55, 45.45, 9.09 
Goran Dragic, PG, MIA, 6800.00, 9, 30.92, 37.4, 25.13, 36.71, 100.0, 88.89, 88.89, 33.33, 0.0 
Louis Williams, SG, LAL, 4600.00, 5, 16.74, 22.7, 11.78, 21.7, 100.0, 60.0, 40.0, 0.0, 0.0 
Aaron Brooks, PG, CHI, 3500.00, 10, 13.25, 29.8, 6.95, 19.55, 90.0, 60.0, 30.0, 10.0, 10.0 
Jameer Nelson, PG, DEN, 4300.00, 1, 1.2, 1.2, 1.2, 1.2, 0.0, 0.0, 0.0, 0.0, 0.0 
Rodney Stuckey, SG, IND, 3700.00, 11, 13.75, 27.7, 5.99, 21.52, 81.82, 54.55, 36.36, 27.27, 18.18 
DeMar DeRozan, SG, TOR, 7900.00, 9, 34.98, 46, 28.36, 41.6, 100.0, 100.0, 66.67, 22.22, 0.0 
Kyle Lowry, PG, TOR, 7700.00, 9, 29.49, 39.7, 23.77, 35.21, 100.0, 88.89, 44.44, 11.11, 0.0 
Kirk Hinrich, SG, ATL, 3500.00, 3, 5.55, 8.4, 2.7, 8.4, 33.33, 0.0, 0.0, 0.0, 0.0 
Darren Collison, PG, SAC, 6300.00, 8, 30.23, 43, 24.63, 35.82, 100.0, 100.0, 87.5, 25.0, 12.5 
D.J. Augustin, PG, DEN, 4100.00, 9, 19, 37.4, 7.22, 30.78, 77.78, 55.56, 55.56, 44.44, 22.22 
Vince Carter, SF, MEM, 4000.00, 9, 17.62, 34, 8.44, 26.8, 77.78, 55.56, 55.56, 44.44, 22.22 
Kevin Martin, SG, SAS, 3600.00, 8, 12.03, 24.2, 4.27, 19.78, 50.0, 37.5, 37.5, 25.0, 25.0 
Jason Terry, PG, HOU, 3500.00, 9, 9.03, 15, 4, 14.07, 55.56, 44.44, 22.22, 0.0, 0.0 
Andre Miller, PG, SAS, 3700.00, 4, 18.15, 24.3, 12.31, 23.99, 100.0, 75.0, 75.0, 50.0, 50.0 
Jamal Crawford, SG, LAC, 5900.00, 10, 26.41, 46.7, 14.26, 38.56, 90.0, 80.0, 60.0, 40.0, 20.0 
Devin Harris, SG, DAL, 3600.00, 10, 17.54, 28.1, 9.84, 25.24, 80.0, 80.0, 70.0, 40.0, 30.0 
Raymond Felton, PG, DAL, 5300.00, 10, 21.32, 40.2, 9.69, 32.95, 70.0, 60.0, 50.0, 40.0, 20.0 
Stephen Curry, PG, GSW, 10300.00, 11, 48.27, 59.6, 41.09, 55.46, 100.0, 100.0, 72.73, 27.27, 0.0 
Deron Williams, PG, DAL, 6200.00, 3, 31.13, 36.8, 25.96, 36.3, 100.0, 100.0, 66.67, 66.67, 0.0 
Kobe Bryant, SG, LAL, 5900.00, 11, 22.5, 46.3, 10.19, 34.81, 72.73, 63.64, 45.45, 27.27, 18.18 
Joe Johnson, SF, MIA, 4700.00, 10, 19.88, 34.9, 11.48, 28.28, 90.0, 70.0, 50.0, 30.0, 20.0 
John Wall, PG, WAS, 9400.00, 6, 42, 49.6, 37.61, 46.39, 100.0, 100.0, 83.33, 16.67, 0.0 
Rajon Rondo, PG, SAC, 7900.00, 5, 37.4, 59, 25.82, 48.98, 100.0, 100.0, 60.0, 20.0, 20.0 
Derrick Rose, PG, CHI, 6100.00, 8, 24.89, 39.9, 14.26, 35.51, 75.0, 50.0, 50.0, 25.0, 25.0 
Chris Paul, PG, LAC, 9200.00, 10, 39.3, 53.6, 31.43, 47.17, 100.0, 100.0, 50.0, 30.0, 0.0 
Monta Ellis, SG, IND, 5900.00, 11, 23.38, 46.7, 13.42, 33.34, 90.91, 54.55, 54.55, 18.18, 9.09 
Jonas Jerebko, PF, BOS, 3500.00, 9, 13, 21.9, 7.44, 18.56, 88.89, 66.67, 44.44, 22.22, 11.11 
Caron Butler, SF, SAC, 3500.00, 3, 6.95, 12.9, 1, 12.9, 33.33, 33.33, 0.0, 0.0, 0.0 
Tim Duncan, C, SAS, 4800.00, 7, 23.4, 33.1, 13.99, 32.81, 85.71, 71.43, 71.43, 71.43, 28.57 
Trevor Booker, PF, UTA, 3500.00, 10, 14.21, 25, 8.58, 19.84, 90.0, 70.0, 60.0, 30.0, 10.0 
Mike Miller, SF, DEN, 3500.00, 1, 6.9, 6.9, 6.9, 6.9, 0.0, 0.0, 0.0, 0.0, 0.0 
James Jones, SF, CLE, 3500.00, 5, 8.6, 13.2, 5.87, 11.33, 60.0, 20.0, 0.0, 0.0, 0.0 
DeMarre Carroll, SF, TOR, 5100.00, 3, 16.63, 19.2, 14.59, 18.68, 100.0, 66.67, 0.0, 0.0, 0.0 
Matt Barnes, SF, MEM, 6100.00, 9, 24.78, 47, 13.08, 36.47, 77.78, 77.78, 77.78, 11.11, 11.11 
Richard Jefferson, SF, CLE, 3500.00, 8, 8.05, 20.3, 3.05, 13.05, 50.0, 12.5, 12.5, 12.5, 0.0 
James Johnson, SF, TOR, 3600.00, 5, 13.08, 19.5, 6.75, 19.41, 80.0, 60.0, 60.0, 40.0, 0.0 
Luke Babbitt, SF, NOP, 5300.00, 11, 24.95, 41.5, 15.77, 34.12, 90.91, 81.82, 72.73, 45.45, 9.09 
LeBron James, SF, CLE, 10500.00, 8, 50.26, 66.7, 40.4, 60.13, 100.0, 100.0, 87.5, 37.5, 12.5 
Marreese Speights, PF, GSW, 3500.00, 11, 12.88, 27.9, 6.8, 18.97, 81.82, 72.73, 36.36, 9.09, 9.09 
Gordon Hayward, SF, UTA, 7300.00, 10, 32.22, 46.3, 22.59, 41.85, 90.0, 80.0, 70.0, 40.0, 10.0 
Paul George, SF, IND, 8300.00, 11, 35.84, 49.1, 28.45, 43.23, 100.0, 100.0, 72.73, 27.27, 0.0 
Josh McRoberts, PF, MIA, 3500.00, 5, 8.96, 17.3, 1.2, 16.72, 60.0, 60.0, 40.0, 0.0, 0.0 
Dante Cunningham, PF, NOP, 3900.00, 11, 17.86, 22.7, 13.71, 22.01, 100.0, 90.91, 72.73, 36.36, 0.0 
Patrick Patterson, PF, TOR, 3700.00, 10, 18.54, 25.5, 13.33, 23.75, 100.0, 100.0, 70.0, 50.0, 40.0 
Anthony Tolliver, PF, DET, 3500.00, 9, 7.52, 21.6, 1.67, 13.37, 44.44, 11.11, 11.11, 11.11, 11.11 
Ed Davis, PF, POR, 4300.00, 10, 22.83, 32.8, 15.73, 29.93, 100.0, 90.0, 70.0, 70.0, 40.0 
Derrick Favors, PF, UTA, 6700.00, 8, 23.64, 32.2, 16.37, 30.9, 87.5, 62.5, 50.0, 0.0, 0.0 
Darrell Arthur, PF, DEN, 3900.00, 6, 19.83, 37.3, 9.27, 30.39, 100.0, 66.67, 50.0, 50.0, 33.33 
Jordan Hill, C, IND, 3500.00, 6, 12.8, 27.7, 5.86, 19.74, 100.0, 50.0, 16.67, 16.67, 16.67 
Kyle Korver, SG, ATL, 3500.00, 9, 16.16, 31, 8.49, 23.82, 88.89, 77.78, 55.56, 33.33, 22.22 
Omri Casspi, SF, SAC, 4400.00, 5, 20.54, 30.7, 11.34, 29.74, 80.0, 80.0, 80.0, 80.0, 20.0 
Thabo Sefolosha, SF, ATL, 3500.00, 8, 10.59, 24.9, 3.21, 17.96, 50.0, 50.0, 37.5, 12.5, 12.5 
Chase Budinger, SF, PHO, 3500.00, 10, 5.87, 15.3, 0.79, 10.94, 40.0, 10.0, 10.0, 0.0, 0.0 
Taj Gibson, PF, CHI, 5000.00, 4, 19.33, 31.4, 9.96, 28.69, 75.0, 75.0, 75.0, 25.0, 25.0 
Corey Brewer, SF, HOU, 3500.00, 9, 10.38, 18, 5.66, 15.09, 66.67, 44.44, 22.22, 22.22, 0.0 
Al-Farouq Aminu, SF, POR, 5500.00, 10, 28.17, 48.7, 16.42, 39.92, 100.0, 70.0, 70.0, 50.0, 20.0 
Wesley Johnson, SF, LAC, 3500.00, 10, 14.69, 26.3, 8.24, 21.14, 80.0, 70.0, 70.0, 30.0, 20.0 
Tony Allen, SG, MEM, 4800.00, 7, 20.29, 40.9, 10.09, 30.49, 85.71, 71.43, 42.86, 42.86, 14.29 
Amir Johnson, PF, BOS, 4600.00, 9, 20.87, 36.6, 12.33, 29.4, 88.89, 66.67, 66.67, 33.33, 22.22 
Evan Turner, SF, BOS, 5800.00, 8, 25.83, 35.5, 18.74, 32.91, 100.0, 87.5, 75.0, 37.5, 12.5 
Tyler Hansbrough, PF, CHA, 3500.00, 6, 3.75, 8.6, 0.73, 6.77, 16.67, 0.0, 0.0, 0.0, 0.0 
Mike Dunleavy, SF, CHI, 3600.00, 11, 12.02, 19.9, 7.35, 16.69, 63.64, 54.55, 27.27, 9.09, 0.0 
C.J. Miles, SF, IND, 3900.00, 10, 18.6, 33.4, 12, 25.2, 100.0, 100.0, 50.0, 30.0, 20.0 
Ersan Ilyasova, PF, ORL, 3900.00, 3, 16.77, 38.7, 0.64, 32.89, 66.67, 33.33, 33.33, 33.33, 33.33 
Carl Landry, PF, PHI, 5400.00, 6, 27.2, 38.3, 18.1, 36.3, 100.0, 66.67, 66.67, 50.0, 33.33 
Kris Humphries, PF, ATL, 3500.00, 9, 10.54, 18.2, 5.18, 15.89, 44.44, 33.33, 33.33, 11.11, 0.0 
Charlie Villanueva, PF, DAL, 3600.00, 6, 11.72, 25, 3.13, 20.31, 66.67, 33.33, 33.33, 33.33, 33.33 
Boris Diaw, PF, SAS, 3500.00, 4, 12.4, 18.7, 7.22, 17.58, 75.0, 75.0, 50.0, 25.0, 0.0 
Jeff Green, SF, LAC, 4700.00, 12, 19.85, 30.6, 11.92, 27.78, 91.67, 83.33, 58.33, 41.67, 8.33 
Nicolas Batum, SF, CHA, 7000.00, 8, 29.98, 50.4, 17.42, 42.53, 87.5, 75.0, 62.5, 25.0, 25.0 
Marvin Williams, PF, CHA, 5600.00, 10, 24.53, 37.1, 17.39, 31.67, 100.0, 80.0, 70.0, 20.0, 20.0 
Jared Dudley, PF, WAS, 3900.00, 10, 14.08, 33.9, 4.75, 23.41, 60.0, 50.0, 30.0, 30.0, 20.0 
Tayshaun Prince, SF, MIN, 3500.00, 10, 6.07, 11.4, 2.7, 9.44, 40.0, 10.0, 0.0, 0.0, 0.0 
Elton Brand, PF, PHI, 3500.00, 8, 14.46, 29.7, 6.13, 22.79, 62.5, 62.5, 50.0, 50.0, 12.5 
Trevor Ariza, SF, HOU, 6000.00, 9, 27.14, 40.9, 19.48, 34.81, 100.0, 88.89, 66.67, 44.44, 11.11 
Luol Deng, PF, MIA, 6100.00, 10, 29.54, 46.2, 21.32, 37.76, 100.0, 100.0, 70.0, 40.0, 30.0 
Luis Scola, PF, TOR, 3500.00, 7, 12.69, 23.5, 5.16, 20.21, 57.14, 42.86, 42.86, 42.86, 14.29 
Andre Iguodala, SF, GSW, 3600.00, 4, 11.5, 19.9, 6.19, 16.81, 75.0, 50.0, 25.0, 25.0, 0.0 
Paul Millsap, PF, ATL, 8700.00, 9, 45.14, 65.7, 32.25, 58.04, 100.0, 88.89, 77.78, 44.44, 33.33 
Michael Beasley, SF, HOU, 4500.00, 9, 20.06, 34.2, 10.36, 29.75, 88.89, 55.56, 55.56, 33.33, 33.33 
Wesley Matthews, SG, DAL, 4700.00, 11, 24.16, 35.5, 16.6, 31.72, 90.91, 81.82, 81.82, 72.73, 27.27 
Paul Pierce, SF, LAC, 3600.00, 7, 13.9, 24.4, 8.78, 19.02, 100.0, 57.14, 42.86, 14.29, 14.29 
Rudy Gay, SF, SAC, 7100.00, 8, 32.81, 49.1, 22.09, 43.54, 100.0, 75.0, 75.0, 50.0, 12.5 
David West, PF, SAS, 4700.00, 8, 22.51, 40.4, 14.25, 30.78, 100.0, 100.0, 62.5, 37.5, 25.0 
Dirk Nowitzki, PF, DAL, 6800.00, 10, 25.77, 42.7, 17.95, 33.59, 100.0, 60.0, 30.0, 20.0, 10.0 
Kevin Love, PF, CLE, 7000.00, 10, 33.17, 45.4, 27.07, 39.27, 100.0, 100.0, 80.0, 40.0, 10.0 
LaMarcus Aldridge, PF, SAS, 8000.00, 8, 35.71, 56.9, 20.42, 51.01, 87.5, 62.5, 50.0, 37.5, 37.5 
Ian Mahinmi, C, IND, 5100.00, 11, 25.27, 38.2, 18.25, 32.3, 100.0, 81.82, 81.82, 45.45, 27.27 
Joel Anthony, C, DET, 3500.00, 1, 1.2, 1.2, 1.2, 1.2, 0.0, 0.0, 0.0, 0.0, 0.0 
J.J. Hickson, PF, WAS, 3700.00, 5, 16.45, 25.2, 8.16, 24.74, 60.0, 60.0, 60.0, 40.0, 20.0 
Kendrick Perkins, C, NOP, 3500.00, 11, 9.82, 19.4, 5.35, 14.28, 63.64, 45.45, 18.18, 9.09, 0.0 
Cole Aldrich, C, LAC, 5000.00, 12, 20.13, 55.6, 8, 32.25, 91.67, 66.67, 33.33, 16.67, 8.33 
Kosta Koufos, C, SAC, 5600.00, 8, 23.51, 37.6, 16.07, 30.96, 100.0, 75.0, 50.0, 25.0, 12.5 
Chris Kaman, C, POR, 3500.00, 2, 2.45, 2.7, 2.2, 2.7, 0.0, 0.0, 0.0, 0.0, 0.0 
Anderson Varejao, C, GSW, 3500.00, 6, 6.72, 10.1, 3.4, 10.03, 50.0, 0.0, 0.0, 0.0, 0.0 
Matt Bonner, C, SAS, 3500.00, 7, 4.06, 6.2, 2.41, 5.71, 0.0, 0.0, 0.0, 0.0, 0.0 
Udonis Haslem, PF, MIA, 3500.00, 7, 4.6, 10.6, 1.7, 7.5, 14.29, 14.29, 0.0, 0.0, 0.0 
Timofey Mozgov, C, CLE, 3500.00, 9, 10.9, 21.4, 5.6, 16.2, 77.78, 44.44, 22.22, 11.11, 11.11 
Zaza Pachulia, C, DAL, 3600.00, 10, 15.89, 30.1, 8.65, 23.13, 90.0, 90.0, 50.0, 40.0, 20.0 
Omer Asik, C, NOP, 3700.00, 10, 10.43, 28.9, 1.35, 19.51, 50.0, 40.0, 30.0, 30.0, 10.0 
Jason Smith, PF, ORL, 4000.00, 10, 20.4, 34.7, 13.56, 27.24, 90.0, 80.0, 60.0, 40.0, 20.0 
Drew Gooden, PF, WAS, 3500.00, 1, 6, 6, 6, 6, 0.0, 0.0, 0.0, 0.0, 0.0 
Jason Thompson, PF, TOR, 3600.00, 10, 9.64, 20.7, 4.42, 14.87, 50.0, 30.0, 20.0, 10.0, 0.0 
Spencer Hawes, C, CHA, 3500.00, 8, 11.28, 23.8, 5.12, 17.43, 62.5, 50.0, 25.0, 12.5, 12.5 
Brandon Bass, PF, LAL, 3800.00, 5, 13.06, 18.3, 8.53, 17.59, 80.0, 80.0, 40.0, 0.0, 0.0 
Marcin Gortat, C, WAS, 6300.00, 10, 29.25, 42.6, 20.63, 37.87, 100.0, 90.0, 70.0, 40.0, 20.0 
Tyson Chandler, C, PHO, 5600.00, 7, 30.34, 43.6, 20.32, 40.37, 85.71, 85.71, 85.71, 71.43, 42.86 
Channing Frye, PF, CLE, 3500.00, 10, 11.7, 24.6, 4.83, 18.57, 80.0, 50.0, 30.0, 20.0, 20.0 
JaVale McGee, C, DAL, 3500.00, 2, 2.8, 4.4, 1.2, 4.4, 0.0, 0.0, 0.0, 0.0, 0.0 
DeAndre Jordan, C, LAC, 7800.00, 10, 35.33, 51.5, 26.53, 44.13, 100.0, 100.0, 60.0, 30.0, 20.0 
Greg Monroe, C, MIL, 5800.00, 8, 25.63, 40.4, 17.17, 34.08, 100.0, 87.5, 37.5, 37.5, 12.5 
Roy Hibbert, C, LAL, 3500.00, 11, 14.48, 32.3, 6.7, 22.27, 90.91, 63.64, 27.27, 27.27, 27.27 
DeMarcus Cousins, C, SAC, 10400.00, 5, 45.16, 60, 36.19, 54.13, 100.0, 100.0, 80.0, 20.0, 0.0 
Andrew Bogut, C, GSW, 4200.00, 9, 17.43, 40.5, 6.63, 28.24, 88.89, 33.33, 33.33, 33.33, 33.33 
Al Jefferson, C, CHA, 5400.00, 9, 26.11, 38.1, 19.63, 32.59, 100.0, 100.0, 77.78, 44.44, 22.22 
Al Horford, C, ATL, 7100.00, 9, 32.36, 41.2, 27.41, 37.3, 100.0, 88.89, 88.89, 11.11, 0.0 
David Lee, PF, DAL, 3800.00, 11, 14.78, 31.8, 7.34, 22.23, 90.91, 72.73, 45.45, 27.27, 9.09 
Dwight Howard, C, HOU, 6500.00, 9, 26.86, 36.1, 19.49, 34.22, 88.89, 77.78, 66.67, 33.33, 0.0 
Pau Gasol, C, CHI, 8300.00, 9, 36.12, 45.3, 28.91, 43.34, 100.0, 100.0, 66.67, 33.33, 0.0 
Blake Griffin, PF, LAC, 7700.00, 5, 25.26, 40.7, 14.57, 35.95, 80.0, 60.0, 20.0, 20.0, 0.0 
Zach Randolph, PF, MEM, 7000.00, 7, 29.47, 47, 20.66, 38.28, 100.0, 85.71, 42.86, 28.57, 14.29 
Nikola Vucevic, C, ORL, 8000.00, 6, 37.98, 44.5, 33.07, 42.9, 100.0, 100.0, 83.33, 50.0, 0.0 
Donatas Motiejunas, PF, HOU, 3500.00, 8, 12.18, 18.3, 7.39, 16.96, 75.0, 75.0, 37.5, 12.5, 0.0 
Jonas Valanciunas, C, TOR, 5900.00, 11, 30.19, 47.8, 20.62, 39.77, 100.0, 90.91, 81.82, 54.55, 18.18 
Tristan Thompson, PF, CLE, 5500.00, 10, 21.64, 33.3, 14.51, 28.77, 100.0, 60.0, 50.0, 30.0, 10.0 
Kawhi Leonard, SF, SAS, 8600.00, 6, 42.45, 56.7, 32.33, 52.57, 100.0, 100.0, 66.67, 50.0, 33.33 
Jordan Hamilton, SF, NOP, 4500.00, 10, 22.1, 30.4, 16.46, 27.74, 100.0, 90.0, 80.0, 40.0, 20.0 
Bismack Biyombo, C, TOR, 4100.00, 11, 15.48, 24.4, 9.2, 21.77, 81.82, 63.64, 54.55, 18.18, 0.0 
Kenneth Faried, PF, DEN, 5300.00, 5, 19.88, 30.4, 12.59, 27.17, 80.0, 60.0, 60.0, 20.0, 0.0 
Markieff Morris, PF, WAS, 5600.00, 8, 25.45, 43.3, 14.62, 36.28, 87.5, 87.5, 50.0, 37.5, 37.5 
Klay Thompson, SG, GSW, 6900.00, 11, 32.67, 50.5, 24.31, 41.03, 100.0, 100.0, 63.64, 27.27, 18.18 
Marcus Morris, SF, DET, 5700.00, 9, 27.9, 57.4, 15.18, 40.62, 88.89, 88.89, 77.78, 22.22, 22.22 
Jon Leuer, PF, PHO, 4000.00, 7, 15.87, 38.8, 4.18, 27.56, 71.43, 42.86, 42.86, 28.57, 28.57 
Jimmy Butler, SG, CHI, 8400.00, 11, 36.2, 73.4, 21.54, 50.86, 90.91, 81.82, 45.45, 27.27, 9.09 
Lavoy Allen, PF, IND, 3500.00, 11, 12.75, 32.2, 4.84, 20.66, 72.73, 54.55, 36.36, 18.18, 18.18 
Tobias Harris, PF, DET, 6600.00, 9, 30.96, 40.5, 25.01, 36.9, 100.0, 100.0, 77.78, 33.33, 22.22 
Kyrie Irving, PG, CLE, 7300.00, 8, 34.2, 45.8, 24.06, 44.34, 100.0, 87.5, 50.0, 50.0, 37.5 
Kemba Walker, PG, CHA, 8100.00, 10, 36.21, 52.7, 26.78, 45.64, 100.0, 90.0, 60.0, 40.0, 10.0 
Brandon Knight, PG, PHO, 6900.00, 4, 32.53, 50.1, 20.24, 44.81, 100.0, 75.0, 50.0, 50.0, 25.0 
Cory Joseph, PG, TOR, 4500.00, 10, 16.67, 33.7, 9.02, 24.32, 80.0, 50.0, 30.0, 20.0, 10.0 
Isaiah Thomas, PG, BOS, 7400.00, 9, 31.37, 48.8, 23.95, 38.78, 100.0, 88.89, 44.44, 11.11, 11.11 
Andrew Goudelock, PG, HOU, 3500.00, 4, 4.63, 6.7, 2.06, 7.21, 0.0, 0.0, 0.0, 0.0, 0.0 
Iman Shumpert, SG, CLE, 4000.00, 8, 13.78, 22.6, 7.35, 20.2, 87.5, 50.0, 37.5, 25.0, 0.0 
Reggie Jackson, PG, DET, 6400.00, 8, 31.05, 52.3, 21.99, 40.11, 100.0, 100.0, 75.0, 25.0, 12.5 
Alec Burks, SG, UTA, 4200.00, 3, 9.93, 11.2, 9, 10.86, 100.0, 0.0, 0.0, 0.0, 0.0 
Shelvin Mack, PG, UTA, 5600.00, 10, 23.4, 33.7, 17.98, 28.82, 100.0, 80.0, 50.0, 10.0, 10.0 
Donald Sloan, PG, BKN, 3700.00, 10, 15.1, 30.1, 6.47, 23.73, 70.0, 60.0, 60.0, 40.0, 20.0 
Greg Smith, PF, MIN, 3500.00, 7, 6.62, 11.8, 3.27, 9.96, 57.14, 14.29, 0.0, 0.0, 0.0 
Gerald Green, SG, MIA, 3600.00, 8, 13.36, 41.1, 1.28, 25.44, 62.5, 50.0, 25.0, 25.0, 12.5 
Alan Anderson, SG, WAS, 3500.00, 3, 6.93, 8.5, 5.31, 8.55, 66.67, 0.0, 0.0, 0.0, 0.0 
Bradley Beal, SG, WAS, 6000.00, 9, 26.92, 39.1, 16.72, 37.12, 88.89, 77.78, 77.78, 44.44, 22.22 
Thomas Robinson, PF, BKN, 6700.00, 7, 30.14, 41.1, 17.6, 42.68, 85.71, 85.71, 71.43, 57.14, 14.29 
Damian Lillard, PG, POR, 8100.00, 10, 33.18, 47.6, 24.48, 41.88, 100.0, 80.0, 50.0, 30.0, 0.0 
Harrison Barnes, SF, GSW, 4700.00, 11, 22.75, 30.6, 16.86, 28.63, 100.0, 100.0, 63.64, 45.45, 36.36 
Terrence Ross, SG, TOR, 3500.00, 8, 16.59, 29.4, 10.15, 23.03, 100.0, 87.5, 62.5, 37.5, 25.0 
Austin Rivers, PG, LAC, 3900.00, 10, 18.32, 46.3, 6.64, 30, 90.0, 70.0, 50.0, 40.0, 40.0 
Andre Drummond, C, DET, 7700.00, 9, 34.66, 42.4, 28.34, 40.97, 100.0, 88.89, 77.78, 33.33, 0.0 
Kendall Marshall, PG, PHI, 3500.00, 7, 4.41, 11.3, 0.09, 8.74, 28.57, 14.29, 0.0, 0.0, 0.0 
John Henson, PF, MIL, 3700.00, 9, 19.09, 36.6, 5.39, 32.79, 66.67, 55.56, 55.56, 44.44, 44.44 
Tyler Zeller, C, BOS, 3500.00, 6, 13.2, 40.6, 0.4, 26, 66.67, 50.0, 16.67, 16.67, 16.67 
Terrence Jones, PF, HOU, 3500.00, 1, 3.4, 3.4, 3.4, 3.4, 0.0, 0.0, 0.0, 0.0, 0.0 
Evan Fournier, SF, ORL, 5800.00, 10, 26.22, 45.9, 18.21, 34.23, 100.0, 90.0, 60.0, 30.0, 10.0 
Andrew Nicholson, PF, ORL, 3800.00, 9, 19.64, 29.6, 11.45, 27.84, 88.89, 77.78, 77.78, 77.78, 44.44 
John Jenkins, SG, PHO, 3500.00, 10, 9.78, 20.6, 4.11, 15.45, 50.0, 30.0, 30.0, 10.0, 0.0 
Miles Plumlee, C, MIL, 3900.00, 9, 17, 27.5, 10.31, 23.69, 88.89, 77.78, 44.44, 44.44, 22.22 
Festus Ezeli, C, GSW, 3500.00, 5, 7.58, 15.3, 2.85, 12.31, 60.0, 20.0, 20.0, 0.0, 0.0 
Robert Sacre, C, LAL, 3600.00, 5, 11.46, 21.6, 6.37, 16.55, 100.0, 20.0, 20.0, 20.0, 20.0 
Jae Crowder, SF, BOS, 5600.00, 6, 24.05, 42, 11.92, 36.18, 83.33, 66.67, 66.67, 50.0, 16.67 
P.J. Tucker, SF, PHO, 5800.00, 11, 29.16, 46.5, 18.2, 40.13, 90.91, 72.73, 72.73, 54.55, 27.27 
Jeremy Lamb, SG, CHA, 3500.00, 8, 11.94, 24.5, 4.29, 19.6, 62.5, 37.5, 25.0, 25.0, 25.0 
Ish Smith, PG, PHI, 6700.00, 9, 32.81, 48.8, 21.35, 44.27, 100.0, 88.89, 66.67, 44.44, 44.44 
Mirza Teletovic, PF, PHO, 6000.00, 10, 29.68, 38.9, 24.38, 34.98, 100.0, 100.0, 90.0, 50.0, 10.0 
Brian Roberts, PG, POR, 3500.00, 7, 3.36, 9.2, 0.33, 6.38, 14.29, 0.0, 0.0, 0.0, 0.0 
Quincy Acy, PF, SAC, 3700.00, 10, 16.49, 26.7, 10.36, 22.62, 90.0, 80.0, 60.0, 30.0, 20.0 
Metta World Peace, SF, LAL, 3600.00, 7, 15.32, 29.5, 7.91, 22.72, 71.43, 57.14, 42.86, 28.57, 14.29 
Draymond Green, PF, GSW, 8700.00, 11, 41.86, 58, 31.75, 51.98, 100.0, 90.91, 63.64, 54.55, 9.09 
Patty Mills, PG, SAS, 4000.00, 9, 14.22, 24.1, 9.27, 19.17, 100.0, 44.44, 22.22, 22.22, 11.11 
Ronnie Price, PG, PHO, 3700.00, 11, 16.55, 26.1, 8.48, 24.63, 72.73, 72.73, 54.55, 45.45, 36.36 
Will Barton, SG, DEN, 5100.00, 9, 24.87, 37.7, 16.85, 32.88, 100.0, 88.89, 66.67, 55.56, 22.22 
Pablo Prigioni, PG, LAC, 3500.00, 11, 11.65, 30.9, 3.48, 19.81, 63.64, 54.55, 27.27, 18.18, 9.09 
Kent Bazemore, SF, ATL, 5300.00, 8, 28.99, 44.3, 19.08, 38.9, 100.0, 100.0, 62.5, 62.5, 50.0 
Khris Middleton, SG, MIL, 7500.00, 6, 34.27, 58.7, 20.81, 47.72, 100.0, 66.67, 66.67, 33.33, 16.67 
Mike Scott, SF, ATL, 3500.00, 9, 11.69, 23.6, 3.79, 19.59, 55.56, 55.56, 33.33, 33.33, 11.11 
Shaun Livingston, PG, GSW, 3500.00, 10, 16.35, 23.2, 12.78, 19.92, 100.0, 100.0, 70.0, 30.0, 20.0 
Luc Richard Mbah a Moute, SF, LAC, 3500.00, 12, 9.02, 15.7, 5.42, 12.61, 66.67, 33.33, 16.67, 0.0, 0.0 
Garrett Temple, SG, WAS, 3600.00, 10, 12.77, 32.2, 4.18, 21.36, 70.0, 40.0, 30.0, 20.0, 20.0 
Jared Sullinger, PF, BOS, 5000.00, 9, 20.44, 39.9, 10.34, 30.55, 77.78, 66.67, 55.56, 33.33, 22.22 
Patrick Beverley, PG, HOU, 5500.00, 9, 26.92, 38.5, 18.19, 35.65, 88.89, 88.89, 66.67, 55.56, 22.22 
Chris Johnson, SG, UTA, 3500.00, 7, 5.08, 9.4, 1.7, 8.46, 28.57, 0.0, 0.0, 0.0, 0.0 
Chris Andersen, C, MEM, 3500.00, 9, 14.96, 26.4, 9.33, 20.58, 88.89, 77.78, 66.67, 22.22, 11.11 
Aron Baynes, C, DET, 3600.00, 9, 14.78, 23.6, 7.63, 21.93, 88.89, 66.67, 55.56, 44.44, 22.22 
Henry Sims, C, BKN, 4000.00, 11, 15.73, 24.1, 11.13, 20.33, 100.0, 72.73, 36.36, 27.27, 9.09 
Justin Holiday, SG, CHI, 3800.00, 11, 14.72, 23.3, 8.24, 21.2, 81.82, 63.64, 36.36, 36.36, 9.09 
Mason Plumlee, C, POR, 5800.00, 10, 28.1, 42, 19.55, 36.65, 100.0, 90.0, 80.0, 50.0, 20.0 
Hollis Thompson, SF, PHI, 4200.00, 8, 19.71, 31.4, 12.39, 27.04, 87.5, 87.5, 62.5, 50.0, 25.0 
Victor Oladipo, SG, ORL, 7900.00, 6, 33.77, 42.9, 25.24, 42.29, 100.0, 83.33, 50.0, 50.0, 0.0 
Ben McLemore, SG, SAC, 3600.00, 9, 12.86, 24.9, 6.41, 19.3, 88.89, 44.44, 33.33, 22.22, 22.22 
Seth Curry, PG, SAC, 6100.00, 10, 24.63, 50.1, 13.19, 36.07, 90.0, 80.0, 60.0, 20.0, 10.0 
Cody Zeller, C, CHA, 4600.00, 9, 21.3, 33.2, 14.48, 28.12, 100.0, 88.89, 55.56, 33.33, 22.22 
Matthew Dellavedova, PG, CLE, 3500.00, 10, 13.37, 22.5, 8.97, 17.77, 100.0, 60.0, 40.0, 20.0, 10.0 
Kelly Olynyk, C, BOS, 3800.00, 9, 16.19, 28.9, 8.61, 23.77, 88.89, 88.89, 44.44, 22.22, 22.22 
Jorge Gutierrez, PG, CHA, 3500.00, 6, 4.84, 10, 1.67, 8.01, 16.67, 0.0, 0.0, 0.0, 0.0 
Giannis Antetokounmpo, SF, MIL, 9900.00, 9, 38.96, 53.7, 25.77, 52.14, 88.89, 66.67, 55.56, 33.33, 0.0 
Archie Goodwin, SG, PHO, 3900.00, 8, 13.93, 31.1, 3.64, 24.21, 75.0, 50.0, 25.0, 25.0, 25.0 
Solomon Hill, SG, IND, 4000.00, 10, 15.53, 31.9, 5.63, 25.43, 70.0, 60.0, 40.0, 40.0, 30.0 
Kentavious Caldwell-Pope, SG, DET, 5000.00, 9, 23.14, 37.4, 16.1, 30.18, 88.89, 77.78, 44.44, 33.33, 11.11 
Tony Snell, SG, CHI, 3500.00, 2, 10.05, 17.1, 3, 17.1, 50.0, 50.0, 50.0, 0.0, 0.0 
Robert Covington, SF, PHI, 6700.00, 9, 32, 47.2, 24.49, 39.51, 100.0, 88.89, 77.78, 44.44, 11.11 
Isaiah Canaan, PG, PHI, 4100.00, 6, 18.27, 30.8, 11.12, 25.41, 100.0, 83.33, 50.0, 33.33, 16.67 
Tim Hardaway Jr., SG, ATL, 3500.00, 9, 9.9, 21.1, 3.22, 16.58, 55.56, 55.56, 22.22, 22.22, 11.11 
Sergey Karasev, SF, BKN, 3500.00, 6, 14.47, 32.4, 6.06, 22.88, 100.0, 50.0, 33.33, 16.67, 16.67 
Alex Len, PF, PHO, 6000.00, 11, 24.42, 44.5, 14.97, 33.87, 90.91, 72.73, 63.64, 27.27, 9.09 
Jordan Farmar, PG, MEM, 3500.00, 9, 17.14, 24.9, 11.15, 23.14, 88.89, 88.89, 55.56, 44.44, 44.44 
Dewayne Dedmon, C, ORL, 3900.00, 9, 18.22, 38.6, 6.97, 29.48, 88.89, 55.56, 55.56, 44.44, 22.22 
Willie Reed, PF, BKN, 3800.00, 3, 13.8, 18, 10.52, 17.08, 100.0, 66.67, 33.33, 0.0, 0.0 
Shabazz Muhammad, SF, MIN, 4000.00, 10, 18.16, 41.2, 8.34, 27.98, 100.0, 70.0, 50.0, 30.0, 30.0 
Ian Clark, SG, GSW, 3500.00, 9, 4.02, 11.4, 0.47, 7.57, 22.22, 11.11, 0.0, 0.0, 0.0 
Rudy Gobert, C, UTA, 5700.00, 10, 26.6, 45.3, 15.21, 37.99, 100.0, 70.0, 60.0, 40.0, 30.0 
Gorgui Dieng, PF, MIN, 5500.00, 10, 21.7, 40.3, 12.22, 31.18, 90.0, 70.0, 30.0, 20.0, 20.0 
Reggie Bullock, SF, DET, 3500.00, 5, 11.2, 29.6, 0.41, 21.99, 20.0, 20.0, 20.0, 20.0, 20.0 
Moe Harkless, SF, POR, 5200.00, 10, 26.57, 44.2, 18.21, 34.93, 100.0, 90.0, 80.0, 40.0, 20.0 
Jeff Withey, C, UTA, 3500.00, 6, 7.68, 18, 1.86, 13.5, 33.33, 16.67, 16.67, 16.67, 0.0 
Allen Crabbe, SG, POR, 3500.00, 10, 15.05, 30.3, 7.68, 22.42, 80.0, 60.0, 50.0, 30.0, 30.0 
Brandon Rush, SG, GSW, 3500.00, 10, 6.57, 17.3, 1.08, 12.06, 40.0, 20.0, 20.0, 0.0, 0.0 
Shane Larkin, PG, BKN, 5000.00, 11, 26.51, 32.8, 21.69, 31.33, 100.0, 100.0, 81.82, 63.64, 36.36 
Trey Burke, PG, UTA, 3500.00, 2, 12.1, 18.2, 6, 18.2, 50.0, 50.0, 50.0, 50.0, 0.0 
Otto Porter, SF, WAS, 4900.00, 10, 22.43, 33.1, 15.67, 29.19, 100.0, 70.0, 70.0, 50.0, 20.0 
Alexis Ajinca, C, NOP, 4900.00, 10, 25.63, 53, 14.32, 36.94, 90.0, 90.0, 80.0, 40.0, 30.0 
C.J. McCollum, SG, POR, 7200.00, 10, 31.82, 44.9, 24.2, 39.44, 100.0, 90.0, 60.0, 30.0, 10.0 
Nene Hilario, PF, WAS, 4100.00, 9, 20.67, 31.6, 13.87, 27.46, 88.89, 88.89, 88.89, 44.44, 22.22 
Mike Muscala, PF, ATL, 3500.00, 5, 6.38, 15, 1.22, 11.54, 40.0, 20.0, 20.0, 0.0, 0.0 
Troy Daniels, SG, CHA, 3500.00, 6, 9.48, 20.6, 3.58, 15.39, 66.67, 50.0, 16.67, 16.67, 0.0 
James Young, SF, BOS, 3500.00, 2, 0, 0, 0, 0, 0.0, 0.0, 0.0, 0.0, 0.0 
Dwight Powell, PF, DAL, 3500.00, 8, 14.82, 30.4, 4.83, 24.81, 62.5, 37.5, 37.5, 37.5, 25.0 
Marcus Smart, PG, BOS, 4500.00, 9, 23.61, 29.8, 19.54, 27.68, 100.0, 100.0, 88.89, 55.56, 22.22 
Markel Brown, SG, BKN, 4400.00, 11, 20.05, 52.2, 8.32, 31.79, 81.82, 72.73, 63.64, 27.27, 9.09 
Bojan Bogdanovic, SF, BKN, 4100.00, 9, 14.06, 27.5, 6.8, 21.31, 88.89, 44.44, 33.33, 33.33, 11.11 
Amare Stoudemire, PF, MIA, 3500.00, 9, 11.29, 21, 5.4, 17.18, 77.78, 44.44, 33.33, 22.22, 11.11 
Nerlens Noel, PF, PHI, 6800.00, 4, 32.45, 42.6, 20.03, 44.87, 75.0, 75.0, 75.0, 75.0, 25.0 
Jerami Grant, PF, PHI, 5200.00, 8, 23.24, 35.8, 12.54, 33.94, 87.5, 75.0, 62.5, 50.0, 37.5 
JaKarr Sampson, SF, DEN, 3500.00, 9, 14.17, 26.8, 6.29, 22.04, 77.78, 66.67, 66.67, 33.33, 22.22 
K.J. McDaniels, SF, HOU, 3500.00, 7, 6.25, 16.3, 1.01, 11.49, 28.57, 14.29, 14.29, 0.0, 0.0 
Lucas Nogueira, C, TOR, 3500.00, 5, 4.26, 10.7, 0.88, 7.64, 20.0, 20.0, 0.0, 0.0, 0.0 
Bruno Caboclo, SF, TOR, 3500.00, 1, 0, 0, 0, 0, 0.0, 0.0, 0.0, 0.0, 0.0 
E'Twaun Moore, SG, CHI, 3900.00, 4, 15.85, 17.9, 13.45, 18.25, 100.0, 100.0, 75.0, 0.0, 0.0 
Doug McDermott, SF, CHI, 3600.00, 11, 10.6, 29.3, 2.84, 18.36, 63.64, 27.27, 27.27, 18.18, 9.09 
Nikola Mirotic, SF, CHI, 5200.00, 11, 23.22, 41, 11.36, 35.07, 81.82, 63.64, 54.55, 45.45, 27.27 
Spencer Dinwiddie, PG, DET, 3500.00, 2, 7.8, 12.9, 2.7, 12.9, 50.0, 50.0, 0.0, 0.0, 0.0 
Shayne Whittington, C, IND, 3500.00, 1, 2.7, 2.7, 2.7, 2.7, 0.0, 0.0, 0.0, 0.0, 0.0 
Damjan Rudez, SF, MIN, 3500.00, 4, 4.75, 8, 1.5, 8, 25.0, 0.0, 0.0, 0.0, 0.0 
Johnny O'Bryant, C, MIL, 3500.00, 6, 12.08, 20.9, 6.17, 17.99, 66.67, 50.0, 33.33, 16.67, 0.0 
Damien Inglis, SF, MIL, 3500.00, 4, 2.65, 3.7, 1.34, 3.96, 0.0, 0.0, 0.0, 0.0, 0.0 
Jabari Parker, PF, MIL, 6100.00, 9, 29.31, 41.9, 21.22, 37.41, 100.0, 100.0, 77.78, 33.33, 33.33 
Adreian Payne, PF, MIN, 3500.00, 5, 9.45, 16.8, 4.41, 14.49, 60.0, 20.0, 20.0, 0.0, 0.0 
Dennis Schroder, PG, ATL, 3800.00, 9, 14.79, 26.7, 8.73, 20.85, 88.89, 77.78, 33.33, 22.22, 11.11 
P.J. Hairston, SF, MEM, 3500.00, 3, 8.3, 13.3, 4.47, 12.13, 66.67, 33.33, 0.0, 0.0, 0.0 
Noah Vonleh, PF, POR, 3500.00, 10, 6.83, 15.7, 2.19, 11.47, 40.0, 20.0, 20.0, 0.0, 0.0 
Shabazz Napier, PG, ORL, 3500.00, 4, 5.53, 8.4, 3.44, 7.61, 25.0, 0.0, 0.0, 0.0, 0.0 
James Ennis, SF, NOP, 4500.00, 8, 24.08, 44, 14.42, 33.73, 100.0, 75.0, 75.0, 50.0, 37.5 
Aaron Gordon, PF, ORL, 5600.00, 7, 23.49, 34.5, 16.19, 30.78, 100.0, 71.43, 57.14, 28.57, 14.29 
Elfrid Payton, PG, ORL, 5900.00, 10, 29.29, 38, 23.81, 34.77, 100.0, 100.0, 90.0, 50.0, 10.0 
Devyn Marble, SG, ORL, 3500.00, 7, 9.73, 16.4, 5, 14.47, 42.86, 42.86, 14.29, 0.0, 0.0 
J.J. Barea, PG, DAL, 6200.00, 10, 29.32, 43, 18.46, 40.18, 90.0, 90.0, 70.0, 60.0, 30.0 
Tarik Black, C, LAL, 3500.00, 8, 12.29, 18.4, 7.57, 17.01, 87.5, 75.0, 37.5, 12.5, 0.0 
Clint Capela, PF, HOU, 4100.00, 9, 20.31, 28.2, 14.64, 25.98, 100.0, 88.89, 77.78, 55.56, 33.33 
Kyle Anderson, SF, SAS, 4500.00, 10, 18.15, 34.1, 10.96, 25.34, 100.0, 70.0, 40.0, 30.0, 10.0 
Jeff Ayres, PF, LAC, 3500.00, 9, 3.95, 8.3, 2.06, 5.84, 11.11, 0.0, 0.0, 0.0, 0.0 
Gary Harris, SG, DEN, 4900.00, 9, 21.59, 32.3, 15.28, 27.9, 100.0, 88.89, 55.56, 33.33, 22.22 
Jusuf Nurkic, C, DEN, 4600.00, 6, 26.77, 39.3, 18.26, 35.27, 100.0, 100.0, 66.67, 66.67, 50.0 
Andrew Wiggins, SF, MIN, 6600.00, 10, 28.55, 51, 14.89, 42.21, 90.0, 80.0, 60.0, 30.0, 30.0 
Glenn Robinson, SF, IND, 3500.00, 4, 2.07, 5.7, -0.7, 4.83, 0.0, 0.0, 0.0, 0.0, 0.0 
Zach LaVine, SG, MIN, 5500.00, 10, 20.81, 35.3, 11.13, 30.49, 90.0, 50.0, 40.0, 40.0, 20.0 
Joe Ingles, SF, UTA, 3500.00, 10, 10.28, 16.9, 5.11, 15.45, 80.0, 60.0, 20.0, 0.0, 0.0 
Rodney Hood, SG, UTA, 5400.00, 10, 26.37, 36.9, 19.23, 33.51, 100.0, 90.0, 80.0, 40.0, 30.0 
C.J. Wilcox, SG, LAC, 3500.00, 8, 6.9, 16.2, 2.72, 11.08, 50.0, 12.5, 12.5, 0.0, 0.0 
Jordan Clarkson, SG, LAL, 5300.00, 11, 24.17, 36.7, 16.14, 32.2, 90.91, 81.82, 63.64, 54.55, 18.18 
Julius Randle, PF, LAL, 6300.00, 11, 28.47, 49.6, 17.22, 39.73, 90.91, 90.91, 63.64, 45.45, 9.09 
Tyler Ennis, PG, MIL, 3900.00, 9, 19.24, 33.7, 10.97, 27.52, 100.0, 77.78, 44.44, 44.44, 33.33 
Nik Stauskas, SG, PHI, 4100.00, 9, 19.87, 32.9, 13.8, 25.94, 100.0, 100.0, 55.56, 33.33, 22.22 
Eric Moreland, PF, SAC, 3500.00, 2, 1.7, 3.2, 0.2, 3.2, 0.0, 0.0, 0.0, 0.0, 0.0 
Hassan Whiteside, C, MIA, 8500.00, 10, 39.94, 51.4, 33.1, 46.78, 100.0, 100.0, 80.0, 30.0, 10.0 
JaMychal Green, PF, MEM, 5300.00, 9, 23.57, 31.9, 17.3, 29.83, 100.0, 77.78, 66.67, 33.33, 11.11 
James McAdoo, PF, GSW, 3500.00, 4, 6.63, 9.2, 4.8, 8.47, 25.0, 0.0, 0.0, 0.0, 0.0 
Tim Frazier, PG, NOP, 6800.00, 11, 31.95, 47.7, 22.83, 41.06, 100.0, 90.91, 63.64, 36.36, 18.18 
Joffrey Lauvergne, C, DEN, 3800.00, 9, 17.69, 27.5, 11.21, 24.17, 88.89, 88.89, 88.89, 33.33, 22.22 
Bryce Cotton, PG, MEM, 3500.00, 2, 2, 2, 2, 2, 0.0, 0.0, 0.0, 0.0, 0.0 
Jarell Eddie, SG, WAS, 3500.00, 4, 6.45, 15.3, 1.18, 11.72, 25.0, 25.0, 25.0, 0.0, 0.0 
Jordan McRae, SG, CLE, 3500.00, 6, 3.78, 7.1, 1.72, 5.83, 16.67, 0.0, 0.0, 0.0, 0.0 
Sean Kilpatrick, SG, BKN, 4300.00, 11, 19.26, 33.5, 11.95, 26.57, 90.91, 90.91, 45.45, 36.36, 18.18 
Josh Smith, PF, HOU, 3600.00, 4, 13.25, 22.1, 6.58, 19.92, 75.0, 75.0, 50.0, 25.0, 25.0 
Jordan Mickey, PF, BOS, 3500.00, 2, 6.8, 6.8, 6.8, 6.8, 0.0, 0.0, 0.0, 0.0, 0.0 
Terry Rozier, PG, BOS, 3500.00, 8, 7.31, 20.9, 1.53, 13.09, 25.0, 12.5, 12.5, 12.5, 0.0 
R.J. Hunter, SG, BOS, 3500.00, 5, 5.83, 16.6, -0.73, 12.38, 20.0, 20.0, 20.0, 0.0, 0.0 
Chris McCullough, PF, BKN, 4100.00, 11, 15.56, 27.1, 8.99, 22.14, 90.91, 54.55, 45.45, 36.36, 9.09 
Rondae Hollis-Jefferson, SF, BKN, 4100.00, 8, 17.74, 34.2, 9.34, 26.13, 87.5, 62.5, 50.0, 25.0, 25.0 
Richaun Holmes, PF, PHI, 3500.00, 1, 8.4, 8.4, 8.4, 8.4, 100.0, 0.0, 0.0, 0.0, 0.0 
Delon Wright, PG, TOR, 3800.00, 5, 14.94, 25.3, 4.89, 24.99, 60.0, 60.0, 60.0, 60.0, 40.0 
Norman Powell, SG, TOR, 4600.00, 11, 22.59, 39.2, 14.37, 30.82, 90.91, 81.82, 72.73, 45.45, 27.27 
Bobby Portis, PF, CHI, 4000.00, 11, 13.94, 27.6, 6.24, 21.63, 72.73, 54.55, 36.36, 27.27, 18.18 
Stanley Johnson, SF, DET, 3500.00, 7, 8.43, 12.5, 6.15, 10.71, 85.71, 14.29, 0.0, 0.0, 0.0 
Darrun Hilliard, SG, DET, 3500.00, 3, 7.15, 13.1, 1.2, 13.1, 33.33, 33.33, 0.0, 0.0, 0.0 
Myles Turner, PF, IND, 5300.00, 11, 23.88, 47.7, 12.17, 35.59, 81.82, 72.73, 36.36, 18.18, 18.18 
Joseph Young, SG, IND, 3500.00, 4, 3.9, 8, 0.18, 7.62, 25.0, 0.0, 0.0, 0.0, 0.0 
Rashad Vaughn, SG, MIL, 3500.00, 8, 15.03, 23.9, 8.78, 21.27, 87.5, 75.0, 50.0, 50.0, 25.0 
Frank Kaminsky, PF, CHA, 4000.00, 10, 17.06, 31.2, 8.99, 25.13, 80.0, 70.0, 60.0, 30.0, 20.0 
Justise Winslow, SF, MIA, 3600.00, 9, 14.99, 19.1, 11.22, 18.76, 100.0, 66.67, 66.67, 33.33, 0.0 
Josh Richardson, SG, MIA, 4500.00, 10, 18.89, 31.5, 12.62, 25.16, 100.0, 80.0, 50.0, 20.0, 20.0 
Mario Hezonja, SF, ORL, 4300.00, 10, 17.05, 41.1, 8.08, 26.02, 90.0, 70.0, 30.0, 20.0, 10.0 
Kelly Oubre, SF, WAS, 3600.00, 6, 10.86, 22.2, 4.13, 17.59, 66.67, 33.33, 16.67, 16.67, 16.67 
Justin Anderson, SF, DAL, 3900.00, 11, 18.55, 37, 9.33, 27.76, 90.91, 72.73, 63.64, 45.45, 36.36 
Jarell Martin, PF, MEM, 3500.00, 9, 10.98, 18.8, 5.51, 16.45, 77.78, 44.44, 44.44, 22.22, 0.0 
Branden Dawson, PF, LAC, 3500.00, 2, 1.2, 1.2, 1.2, 1.2, 0.0, 0.0, 0.0, 0.0, 0.0 
Emmanuel Mudiay, PG, DEN, 5800.00, 9, 24.09, 35.7, 16.78, 31.4, 88.89, 88.89, 66.67, 33.33, 11.11 
Karl-Anthony Towns, C, MIN, 8700.00, 10, 38.8, 51.7, 29.96, 47.64, 100.0, 90.0, 70.0, 40.0, 0.0 
Tyus Jones, PG, MIN, 3500.00, 10, 11.25, 21.6, 4.57, 17.93, 70.0, 50.0, 40.0, 20.0, 10.0 
Pat Connaughton, SG, POR, 3500.00, 3, 0.1, 1.2, -1, 1.2, 0.0, 0.0, 0.0, 0.0, 0.0 
Trey Lyles, PF, UTA, 4000.00, 10, 19.54, 31.2, 12.52, 26.56, 100.0, 80.0, 70.0, 50.0, 20.0 
Larry Nance, PF, LAL, 3500.00, 9, 15.66, 26.9, 9.38, 21.93, 88.89, 88.89, 55.56, 44.44, 11.11 
D'Angelo Russell, PG, LAL, 5000.00, 11, 19.68, 37.4, 9.72, 29.65, 81.82, 72.73, 54.55, 18.18, 18.18 
Devin Booker, SG, PHO, 6800.00, 11, 31.33, 45, 22.57, 40.08, 100.0, 81.82, 72.73, 36.36, 18.18 
Willie Cauley-Stein, PF, SAC, 5600.00, 10, 26.29, 40.2, 18.14, 34.44, 100.0, 80.0, 70.0, 40.0, 30.0 
Cliff Alexander, PF, POR, 3500.00, 1, 0, 0, 0, 0, 0.0, 0.0, 0.0, 0.0, 0.0 
T.J. McConnell, PG, PHI, 3700.00, 9, 14.37, 25.3, 7.55, 21.18, 77.78, 66.67, 44.44, 33.33, 22.22 
James Anderson, SG, SAC, 3600.00, 9, 13.69, 28.6, 4.93, 22.45, 77.78, 55.56, 44.44, 33.33, 22.22 
Aaron Harrison, PG, CHA, 3500.00, 2, 0.5, 2, -1, 2, 0.0, 0.0, 0.0, 0.0, 0.0 
Christian Wood, PF, PHI, 3500.00, 3, 10.6, 18, 3.2, 18, 33.33, 33.33, 33.33, 33.33, 0.0 
Axel Toupane, SF, DEN, 3500.00, 9, 8.74, 17.4, 3.28, 14.21, 44.44, 33.33, 22.22, 0.0, 0.0 
Cristiano Da Silva Felicio, C, CHI, 3800.00, 10, 14.83, 25.5, 9.26, 20.4, 100.0, 60.0, 50.0, 20.0, 20.0 
Sasha Kaun, C, CLE, 4000.00, 3, 5.6, 5.6, 5.6, 5.6, 0.0, 0.0, 0.0, 0.0, 0.0 
Briante Weber, PG, MIA, 3500.00, 1, 4.7, 4.7, 4.7, 4.7, 0.0, 0.0, 0.0, 0.0, 0.0 
Salah Mejri, C, DAL, 3800.00, 9, 14.44, 29.9, 7.9, 20.99, 100.0, 44.44, 33.33, 22.22, 11.11 
Boban Marjanovic, C, SAS, 4000.00, 7, 15.98, 23.7, 8.78, 23.19, 57.14, 57.14, 57.14, 42.86, 0.0 
Jonathon Simmons, SG, SAS, 3500.00, 6, 10.05, 21.7, 1.71, 18.39, 50.0, 50.0, 33.33, 33.33, 16.67 
Nikola Jokic, C, DEN, 6300.00, 9, 27.66, 43.2, 18.91, 36.4, 100.0, 77.78, 66.67, 33.33, 11.11 
Nemanja Bjelica, SF, MIN, 4200.00, 10, 18.43, 33.5, 8.56, 28.3, 70.0, 70.0, 50.0, 50.0, 40.0 
Luis Montero, SF, POR, 3500.00, 3, 0.6, 2.2, -1, 2.2, 0.0, 0.0, 0.0, 0.0, 0.0 
Raulzinho Neto, PG, UTA, 3500.00, 10, 7.73, 15.2, 2.99, 12.47, 50.0, 30.0, 20.0, 0.0, 0.0 
Marcelo Huertas, PG, LAL, 3600.00, 11, 13.78, 23.9, 9.08, 18.48, 100.0, 72.73, 36.36, 27.27, 9.09 
Alan Williams, PF, PHO, 3500.00, 7, 7.67, 18.4, 1.66, 13.68, 42.86, 28.57, 14.29, 14.29, 0.0 
Xavier Munford, PG, MEM, 3700.00, 9, 13.53, 30.4, 5.95, 21.12, 77.78, 55.56, 44.44, 22.22, 11.11 
